title,content,dish_name,image,restaurant_name,address
鱼香茄子,鱼香茄子包含肉丝与茄子，口感润滑细腻，回味无穷,鱼香茄子,https://pigkiller-011955-1319328397.cos.ap-beijing.myqcloud.com/6.jpg,学一食堂,北侧窗口  
鸡排滑蛋饭,鲜嫩多汁的鸡排搭配滑嫩的煎蛋，营养均衡，美味可口,鸡排滑蛋饭,https://pigkiller-011955-1319328397.cos.ap-beijing.myqcloud.com/12.jpg,学二食堂,南侧窗口  
鸡腿,外皮酥脆，内里鲜嫩多汁的鸡腿，是肉食爱好者的首选,鸡腿,https://pigkiller-011955-1319328397.cos.ap-beijing.myqcloud.com/6.jpg,学三食堂,第一窗口  
宫保鸡丁,经典川菜宫保鸡丁，鸡肉嫩滑，花生米香脆，微辣可口,宫保鸡丁,https://pigkiller-011955-1319328397.cos.ap-beijing.myqcloud.com/6.jpg,学四食堂,第二窗口  
武昌鱼,清蒸武昌鱼，鱼肉鲜美，肉质细嫩，保留原汁原味,武昌鱼,https://pigkiller-011955-1319328397.cos.ap-beijing.myqcloud.com/6.jpg,学五食堂,第三窗口  
葫芦炒肉,葫芦脆嫩，肉片滑嫩，家常美味，下饭好菜,葫芦炒肉,https://pigkiller-011955-1319328397.cos.ap-beijing.myqcloud.com/6.jpg,沙西第一食堂,第四窗口  
鱼香茄子，经典川菜风味，回味无穷,鱼香茄子,鱼香茄子,https://pigkiller-011955-1319328397.cos.ap-beijing.myqcloud.com/6.jpg,鼓瑟轩,窗口
小炒肉,香辣可口的小炒肉，肉质鲜嫩多汁，下饭好菜,小炒肉,https://pigkiller-011955-1319328397.cos.ap-beijing.myqcloud.com/56.jpg,学五食堂,南侧窗口  
馄饨意面套餐,独特的馄饨与意面组合，营养丰富，美味可口,馄饨意面套餐,https://pigkiller-011955-1319328397.cos.ap-beijing.myqcloud.com/54.jpg,沙东一层食堂,套餐窗口  
馄饨,经典中式小吃，皮薄馅大，汤鲜味美,馄饨,https://pigkiller-011955-1319328397.cos.ap-beijing.myqcloud.com/48.jpg,新北地下一层食堂,南侧窗口  
水果捞,新鲜水果搭配清爽酸奶，健康又美味,水果捞,https://pigkiller-011955-1319328397.cos.ap-beijing.myqcloud.com/48.jpg,新北二层食堂,套餐窗口  
早餐套餐,营养均衡的早餐套餐，开启活力一天,早餐套餐,https://pigkiller-011955-1319328397.cos.ap-beijing.myqcloud.com/48.jpg,沙西第二食堂,北侧窗口  
香菇肉馅水饺,鲜美的香菇与肉馅搭配，皮薄馅大，回味无穷,香菇肉馅水饺,https://pigkiller-011955-1319328397.cos.ap-beijing.myqcloud.com/48.jpg,学三食堂,第一窗口  
嫩滑鸡柳饭,嫩滑的鸡柳搭配松软米饭，口感丰富，美味十足,嫩滑鸡柳饭,https://pigkiller-011955-1319328397.cos.ap-beijing.myqcloud.com/48.jpg,学院路清真食堂,第二窗口  
芝麻酱麻辣烫,传统麻辣烫加入芝麻酱，香辣浓郁，令人回味无穷,芝麻酱麻辣烫,https://pigkiller-011955-1319328397.cos.ap-beijing.myqcloud.com/48.jpg,沙东二层食堂,北侧窗口  
牛肉板面,劲道面条搭配大块牛肉，汤汁浓郁，美味至极,牛肉板面,https://pigkiller-011955-1319328397.cos.ap-beijing.myqcloud.com/48.jpg,沙西第一食堂,第三窗口  
北京烤鸭,正宗的北京烤鸭，皮脆肉嫩，搭配薄饼和酱料，美味无比,北京烤鸭,https://pigkiller-011955-1319328397.cos.ap-beijing.myqcloud.com/46.jpg,鼓瑟轩,套餐窗口  
三鲜鱿鱼,鲜美鱿鱼搭配多种海鲜，口感丰富，鲜美可口,三鲜鱿鱼,https://pigkiller-011955-1319328397.cos.ap-beijing.myqcloud.com/44.jpg,教工食堂,第四窗口  
航味月饼,传统月饼口味，甜而不腻，是中秋佳节的必备之选,航味月饼,https://pigkiller-011955-1319328397.cos.ap-beijing.myqcloud.com/40.jpg,新北地下三层食堂,套餐窗口  
酱香大虾焖鸡锅,大虾与鸡肉的完美结合，酱香浓郁，肉质鲜嫩,酱香大虾焖鸡锅,https://pigkiller-011955-1319328397.cos.ap-beijing.myqcloud.com/38.jpg,学二食堂,第一窗口  
一荤一素盖面,营养均衡的一荤一素盖面，简单美味，满足日常需求,一荤一素盖面,https://pigkiller-011955-1319328397.cos.ap-beijing.myqcloud.com/36.jpg,学四食堂,南侧窗口
爆炒河虾,香辣鲜美的爆炒河虾，虾肉鲜嫩多汁，口感绝佳,爆炒河虾,https://pigkiller-011955-1319328397.cos.ap-beijing.myqcloud.com/82.jpg,食堂A区,海鲜档口  
麻辣肥肠,麻辣入味的肥肠，口感Q弹，香辣可口,麻辣肥肠,https://pigkiller-011955-1319328397.cos.ap-beijing.myqcloud.com/82.jpg,食堂B区,特色小吃档  
虾仁豆腐,嫩滑的虾仁与豆腐完美结合，鲜美可口，营养丰富,虾仁豆腐,https://pigkiller-011955-1319328397.cos.ap-beijing.myqcloud.com/80.jpg,食堂C区,家常菜档  
蜜汁小鸡腿,香甜的蜜汁包裹着鲜嫩的小鸡腿，外酥里嫩，美味无穷,蜜汁小鸡腿,https://pigkiller-011955-1319328397.cos.ap-beijing.myqcloud.com/80.jpg,食堂D区,烧烤档  
荠菜馄饨,清新的荠菜与馄饨的完美融合，汤鲜味美，营养健康,荠菜馄饨,https://pigkiller-011955-1319328397.cos.ap-beijing.myqcloud.com/80.jpg,食堂E区,面食档  
西红柿意面,酸甜可口的西红柿酱搭配意面，口感丰富，美味独特,西红柿意面,https://pigkiller-011955-1319328397.cos.ap-beijing.myqcloud.com/74.jpg,食堂F区,西餐档  
成都冒菜,地道的成都冒菜，麻辣鲜香，食材丰富多样,成都冒菜,https://pigkiller-011955-1319328397.cos.ap-beijing.myqcloud.com/72.jpg,食堂G区,冒菜档  
西餐套餐,精致的西餐套餐，包含前菜、主菜和甜点，满足您的味蕾,西餐套餐,https://pigkiller-011955-1319328397.cos.ap-beijing.myqcloud.com/70.jpg,食堂H区,西餐专区  
菠菜面,清爽的菠菜面，绿色健康，口感细腻，美味又营养,菠菜面,https://pigkiller-011955-1319328397.cos.ap-beijing.myqcloud.com/18.jpg,食堂I区,面食档  
鱼头泡饼,鲜美的鱼头搭配香脆的泡饼，汤汁浓郁，回味无穷,鱼头泡饼,https://pigkiller-011955-1319328397.cos.ap-beijing.myqcloud.com/60.jpg,食堂J区,特色菜档  
川蜀鸡肉,香辣鲜嫩的川蜀鸡肉，口感麻辣，回味无穷,川蜀鸡肉,https://pigkiller-011955-1319328397.cos.ap-beijing.myqcloud.com/34.jpg,食堂K区,川菜档  
锅塌鱼,香煎的锅塌鱼，外酥里嫩，味道鲜美，是一道不可多得的美味佳肴,锅塌鱼,https://pigkiller-011955-1319328397.cos.ap-beijing.myqcloud.com/32.jpg,食堂L区,海鲜档  
火龙果饼,创新的火龙果饼，香甜可口，果香四溢，是甜品爱好者的不二之选,火龙果饼,https://pigkiller-011955-1319328397.cos.ap-beijing.myqcloud.com/30.jpg,食堂M区,甜品档  
大虾轻食套餐,健康美味的大虾轻食套餐，低脂高蛋白，适合健身爱好者,大虾轻食套餐,https://pigkiller-011955-1319328397.cos.ap-beijing.myqcloud.com/30.jpg,食堂N区,轻食档
火山面包,外皮酥脆，内里柔软，火山造型独特，让人一眼难忘,火山面包,https://pigkiller-011955-1319328397.cos.ap-beijing.myqcloud.com/112.jpg,烘焙坊,面包区  
部队火锅,丰富多样的食材汇聚一锅，部队风味浓郁，辣而不燥,部队火锅,https://pigkiller-011955-1319328397.cos.ap-beijing.myqcloud.com/110.jpg,韩式料理店,火锅区  
芝士排骨,香浓的芝士与鲜嫩的排骨完美结合，每一口都是满满的幸福感,芝士排骨,https://pigkiller-011955-1319328397.cos.ap-beijing.myqcloud.com/110.jpg,芝士主题餐厅,特色菜区  
火焰土豆丝,独特的火焰烹饪方式，让土豆丝口感更加酥脆，香辣可口,火焰土豆丝,https://pigkiller-011955-1319328397.cos.ap-beijing.myqcloud.com/102.jpg,创意料理店,热菜区  
美食航行-西工大,汇聚西工大美食特色，每一道菜都承载着学生的回忆与情感,美食航行-西工大,https://pigkiller-011955-1319328397.cos.ap-beijing.myqcloud.com/96.jpg,校园美食广场,综合区  
鸭腿饭,鲜嫩多汁的鸭腿搭配松软可口的米饭，营养均衡，美味十足,鸭腿饭,https://pigkiller-011955-1319328397.cos.ap-beijing.myqcloud.com/94.jpg,快餐店,套餐区  
羊肉串,精选上等羊肉，经过精心烤制，肉质鲜嫩，香气四溢,羊肉串,https://pigkiller-011955-1319328397.cos.ap-beijing.myqcloud.com/92.jpg,烧烤摊,烤串区  
轻食套餐,低脂低卡的轻食套餐，适合追求健康饮食的您,轻食套餐,https://pigkiller-011955-1319328397.cos.ap-beijing.myqcloud.com/90.jpg,轻食餐厅,轻食区  
鸡排饭,香酥可口的鸡排搭配香软米饭，美味又饱腹,鸡排饭,https://pigkiller-011955-1319328397.cos.ap-beijing.myqcloud.com/90.jpg,快餐店,套餐区  
牛排,精选优质牛肉，经过精心烹饪，肉质鲜嫩多汁，口感细腻,牛排,https://pigkiller-011955-1319328397.cos.ap-beijing.myqcloud.com/88.jpg,西餐厅,牛排区  
虾饺,晶莹剔透的虾饺皮包裹着鲜美的虾仁，口感Q弹，味道鲜美,虾饺,https://pigkiller-011955-1319328397.cos.ap-beijing.myqcloud.com/88.jpg,粤菜馆,点心区  
土豆烧牛肉,软糯的土豆与鲜嫩的牛肉相互渗透，口感丰富，美味可口,土豆烧牛肉,https://pigkiller-011955-1319328397.cos.ap-beijing.myqcloud.com/88.jpg,家常菜馆,热菜区  
麻辣鱼片,鱼片鲜嫩爽滑，麻辣鲜香，是川菜中的经典之作,麻辣鱼片,https://pigkiller-011955-1319328397.cos.ap-beijing.myqcloud.com/82.jpg,川菜馆,川菜区  
奥尔良鸡腿,奥尔良风味独特，鸡腿肉质鲜嫩多汁，美味无穷,奥尔良鸡腿,https://pigkiller-011955-1319328397.cos.ap-beijing.myqcloud.com/30.jpg,快餐店,炸鸡区
豆芽粉丝,脆爽可口的豆芽与细滑的粉丝相互交织，口感丰富，清新开胃,豆芽粉丝,https://pigkiller-011955-1319328397.cos.ap-beijing.myqcloud.com/122.jpg,家常菜馆,素菜区  
西红柿牛腩饭,牛腩酥软入味，搭配酸甜可口的西红柿，米饭吸满了汤汁，美味无比,西红柿牛腩饭,https://pigkiller-011955-1319328397.cos.ap-beijing.myqcloud.com/120.jpg,快餐店,套餐区  
红烧肉,色泽红亮，肥瘦相间，入口即化，是中华美食中的经典之作,红烧肉,https://pigkiller-011955-1319328397.cos.ap-beijing.myqcloud.com/118.jpg,家常菜馆,热菜区  
海带丝,口感爽脆，味道鲜美，是一道营养丰富的凉拌菜,海带丝,https://pigkiller-011955-1319328397.cos.ap-beijing.myqcloud.com/118.jpg,川菜馆,凉菜区  
大炒,食材丰富多样，火候掌握得当，味道鲜美，是家庭聚餐的好选择,大炒,https://pigkiller-011955-1319328397.cos.ap-beijing.myqcloud.com/118.jpg,家常菜馆,热菜区  
杏鲍菇炒肉,杏鲍菇与猪肉的完美结合，口感鲜美，营养丰富,杏鲍菇炒肉,https://pigkiller-011955-1319328397.cos.ap-beijing.myqcloud.com/30.jpg,家常菜馆,热菜区  
金枪鱼意面,金枪鱼与意面的搭配，口感丰富，味道鲜美，是西餐中的经典之选,金枪鱼意面,https://pigkiller-011955-1319328397.cos.ap-beijing.myqcloud.com/30.jpg,西餐厅,意面区  
小笼包,皮薄馅大，汤汁丰富，每一口都是满满的幸福感,小笼包,https://pigkiller-011955-1319328397.cos.ap-beijing.myqcloud.com/28.jpg,小吃店,点心区  
烤鸭腿,皮脆肉嫩，香气四溢，是中华美食中的瑰宝,烤鸭腿,https://pigkiller-011955-1319328397.cos.ap-beijing.myqcloud.com/28.jpg,烤鸭店,烤鸭区  
芝麻香五花肉,五花肉肥瘦相间，外皮酥脆，内里鲜嫩多汁，芝麻的香气更是锦上添花,芝麻香五花肉,https://pigkiller-011955-1319328397.cos.ap-beijing.myqcloud.com/28.jpg,烤肉店,烤肉区  
汉堡,松软的面包夹着多汁的肉饼和新鲜的蔬菜，口感丰富，美味可口,汉堡,https://pigkiller-011955-1319328397.cos.ap-beijing.myqcloud.com/26.jpg,快餐店,汉堡区  
小火锅,一人一锅，食材丰富多样，可根据个人口味自由搭配，是冬季暖身的好选择,小火锅,https://pigkiller-011955-1319328397.cos.ap-beijing.myqcloud.com/22.jpg,火锅店,小火锅区
牛肉炒饭,牛肉炒饭是一道美味的炒饭菜品，香气扑鼻，口感鲜香可口,牛肉炒饭,https://pigkiller-011955-1319328397.cos.ap-beijing.myqcloud.com/158.jpg,学三食堂,第三窗口
土豆牛排,土豆牛排是一道经典的家常菜，口感酥脆，牛肉与土豆的搭配美味可口,土豆牛排,https://pigkiller-011955-1319328397.cos.ap-beijing.myqcloud.com/158.jpg,学四食堂,南侧窗口
紫甘蓝,紫甘蓝是一种健康的蔬菜，富含营养，清爽可口，适合凉拌或炒菜,紫甘蓝,https://pigkiller-011955-1319328397.cos.ap-beijing.myqcloud.com/148.jpg,新北地下一层食堂,套餐窗口
胡萝卜烧牛肉,胡萝卜烧牛肉是一道色香味俱佳的家常菜，胡萝卜的甜味搭配牛肉，营养丰富,胡萝卜烧牛肉,https://pigkiller-011955-1319328397.cos.ap-beijing.myqcloud.com/144.jpg,学五食堂,第四窗口
黄瓜虾仁,黄瓜虾仁是一道清爽可口的下饭菜，黄瓜爽脆，虾仁鲜嫩，口味鲜美,黄瓜虾仁,https://pigkiller-011955-1319328397.cos.ap-beijing.myqcloud.com/144.jpg,沙西第一食堂,南侧窗口
青椒牛肉,青椒牛肉是一道香辣可口的川菜，青椒爽脆，牛肉鲜嫩，味道浓郁,青椒牛肉,https://pigkiller-011955-1319328397.cos.ap-beijing.myqcloud.com/144.jpg,鼓瑟轩,套餐窗口
披萨,披萨是一种受欢迎的西式快餐，香脆的饼底搭配丰富的配料，美味可口,披萨,https://pigkiller-011955-1319328397.cos.ap-beijing.myqcloud.com/142.jpg,新北二层食堂,套餐窗口
生菜,生菜是一种清爽的蔬菜，富含纤维，可生食或炒食，口感爽口可口,生菜,https://pigkiller-011955-1319328397.cos.ap-beijing.myqcloud.com/142.jpg,学一食堂,南侧窗口
牙签肉,牙签肉外酥里嫩，香辣可口，是下酒好菜,牙签肉,https://pigkiller-011955-1319328397.cos.ap-beijing.myqcloud.com/184.jpg,学二食堂,南侧窗口  
小酥肉,小酥肉香酥可口，肉质鲜嫩多汁,小酥肉,https://pigkiller-011955-1319328397.cos.ap-beijing.myqcloud.com/184.jpg,学三食堂,第一窗口  
甑糕,甑糕软糯香甜，红枣与糯米的完美结合,甑糕,https://pigkiller-011955-1319328397.cos.ap-beijing.myqcloud.com/184.jpg,学五食堂,南侧窗口  
狮子头,狮子头肉质鲜嫩，汤汁浓郁，美味可口,狮子头,https://pigkiller-011955-1319328397.cos.ap-beijing.myqcloud.com/182.jpg,沙西第一食堂,北侧窗口  
扬州炒饭,扬州炒饭粒粒分明，色香味俱佳,扬州炒饭,https://pigkiller-011955-1319328397.cos.ap-beijing.myqcloud.com/182.jpg,沙西第二食堂,第二窗口  
鸡肉砂锅,鸡肉砂锅汤汁鲜美，鸡肉嫩滑入味,鸡肉砂锅,https://pigkiller-011955-1319328397.cos.ap-beijing.myqcloud.com/174.jpg,学院路清真食堂,第三窗口  
滑蛋饭,滑蛋饭蛋香浓郁，米饭松软可口,滑蛋饭,https://pigkiller-011955-1319328397.cos.ap-beijing.myqcloud.com/164.jpg,新北地下一层食堂,套餐窗口  
土豆鸡蛋饼,土豆鸡蛋饼外酥里嫩，营养美味,土豆鸡蛋饼,https://pigkiller-011955-1319328397.cos.ap-beijing.myqcloud.com/158.jpg,新北二层食堂,套餐窗口  
柠檬冻,柠檬冻酸甜可口，清爽解腻,柠檬冻,https://pigkiller-011955-1319328397.cos.ap-beijing.myqcloud.com/142.jpg,鼓瑟轩,套餐窗口  
炒豆干,炒豆干口感筋道，味道鲜美,炒豆干,https://pigkiller-011955-1319328397.cos.ap-beijing.myqcloud.com/142.jpg,教工食堂,第四窗口  
肥牛片,肥牛片肉质鲜嫩，肥瘦相间，口感极佳,肥牛片,https://pigkiller-011955-1319328397.cos.ap-beijing.myqcloud.com/142.jpg,沙东一层食堂,北侧窗口  
芝麻大虾,芝麻大虾香酥可口，虾肉鲜嫩,芝麻大虾,https://pigkiller-011955-1319328397.cos.ap-beijing.myqcloud.com/128.jpg,沙东二层食堂,南侧窗口  
花椒肉,花椒肉麻辣鲜香，肉质酥软,花椒肉,https://pigkiller-011955-1319328397.cos.ap-beijing.myqcloud.com/122.jpg,沙河清真食堂,第一窗口 
甜点,这款甜点以细腻的奶油和丰富的水果装饰，口感绵密，甜而不腻，是下午茶的绝佳选择,甜点,https://pigkiller-011955-1319328397.cos.ap-beijing.myqcloud.com/218.jpg,学三食堂,南侧窗口  
红烧肉鸡蛋饼,红烧肉鸡蛋饼将红烧肉的醇香与鸡蛋饼的柔软完美结合，每一口都是满满的幸福感,红烧肉鸡蛋饼,https://pigkiller-011955-1319328397.cos.ap-beijing.myqcloud.com/218.jpg,学五食堂,北侧窗口  
清水面,清水面看似简单，实则汤清味鲜，面条劲道，是炎炎夏日里的一抹清凉,清水面,https://pigkiller-011955-1319328397.cos.ap-beijing.myqcloud.com/218.jpg,沙西第一食堂,第二窗口  
美味双拼饭,美味双拼饭将两种经典口味巧妙融合，营养均衡，口感丰富，是忙碌生活中的美味慰藉,美味双拼饭,https://pigkiller-011955-1319328397.cos.ap-beijing.myqcloud.com/214.jpg,新北地下一层食堂,套餐窗口  
盖饭系列,盖饭系列品种多样，每一款都精选食材，搭配秘制酱料，让每一口都充满惊喜,盖饭系列,https://pigkiller-011955-1319328397.cos.ap-beijing.myqcloud.com/214.jpg,新北二层食堂,套餐窗口  
鱼片汤,鱼片汤选用新鲜鱼片，搭配嫩滑豆腐，汤色清澈，味道鲜美，是冬日里的一碗温暖,鱼片汤,https://pigkiller-011955-1319328397.cos.ap-beijing.myqcloud.com/210.jpg,学院路清真食堂,南侧窗口  
白菜豆腐汤,白菜豆腐汤清淡爽口，白菜的甘甜与豆腐的细腻相得益彰，是家常餐桌上的经典之选,白菜豆腐汤,https://pigkiller-011955-1319328397.cos.ap-beijing.myqcloud.com/204.jpg,沙东一层食堂,第一窗口  
腐乳炒肉,腐乳炒肉将腐乳的醇香与猪肉的鲜美完美融合，肉质鲜嫩多汁，下饭神器,腐乳炒肉,https://pigkiller-011955-1319328397.cos.ap-beijing.myqcloud.com/204.jpg,沙东二层食堂,北侧窗口  
糖醋里脊,糖醋里脊外酥里嫩，酸甜适口，是孩子们和女士们的最爱，每一口都是满满的幸福感,糖醋里脊,https://pigkiller-011955-1319328397.cos.ap-beijing.myqcloud.com/204.jpg,鼓瑟轩,套餐窗口  
炒鱼豆腐,炒鱼豆腐口感Q弹，味道鲜美，搭配多种蔬菜，营养均衡，美味又健康,炒鱼豆腐,https://pigkiller-011955-1319328397.cos.ap-beijing.myqcloud.com/204.jpg,教工食堂,第三窗口  
牛肉轻食套餐,牛肉轻食套餐低脂健康，牛肉鲜嫩多汁，搭配新鲜蔬菜，是健身人士的首选,牛肉轻食套餐,https://pigkiller-011955-1319328397.cos.ap-beijing.myqcloud.com/204.jpg,沙河清真食堂,第四窗口  
北航文创雪糕,北航文创雪糕以校园文化为设计灵感，口感细腻，甜而不腻，是夏日解暑的佳品,北航文创雪糕,https://pigkiller-011955-1319328397.cos.ap-beijing.myqcloud.com/192.jpg,新北地下三层食堂,套餐窗口
麻辣烫串串,麻辣烫串串香辣可口，食材丰富多样，令人垂涎欲滴,麻辣烫串串,https://pigkiller-011955-1319328397.cos.ap-beijing.myqcloud.com/238.jpg,学二食堂,南侧窗口  
咸蛋黄蒸肉饼,咸蛋黄与肉饼完美结合，口感鲜美，令人回味无穷,咸蛋黄蒸肉饼,https://pigkiller-011955-1319328397.cos.ap-beijing.myqcloud.com/236.jpg,学三食堂,第一窗口  
麻辣面,麻辣面香辣劲道，面条爽滑，是冬日里的暖身佳肴,麻辣面,https://pigkiller-011955-1319328397.cos.ap-beijing.myqcloud.com/234.jpg,学四食堂,第三窗口  
金鼎轩-卷饼,金鼎轩的卷饼皮薄馅足，口感丰富，是早餐的绝佳选择,金鼎轩-卷饼,https://pigkiller-011955-1319328397.cos.ap-beijing.myqcloud.com/232.jpg,学五食堂,第二窗口  
金鼎轩-生煎,金鼎轩的生煎皮脆馅嫩，汤汁丰富，深受食客喜爱,金鼎轩-生煎,https://pigkiller-011955-1319328397.cos.ap-beijing.myqcloud.com/232.jpg,沙西第一食堂,南侧窗口  
金鼎轩-锅贴,金鼎轩的锅贴底部金黄酥脆，馅料鲜美多汁,金鼎轩-锅贴,https://pigkiller-011955-1319328397.cos.ap-beijing.myqcloud.com/232.jpg,沙西第二食堂,第四窗口  
金鼎轩-煎饺,金鼎轩的煎饺外焦里嫩，馅料多样，每一口都是满足,金鼎轩-煎饺,https://pigkiller-011955-1319328397.cos.ap-beijing.myqcloud.com/232.jpg,学院路清真食堂,北侧窗口  
汁水牛肉,汁水牛肉肉质鲜嫩多汁，口感丰富，令人回味无穷,汁水牛肉,https://pigkiller-011955-1319328397.cos.ap-beijing.myqcloud.com/228.jpg,沙河清真食堂,第一窗口  
茶香虾,茶香虾以茶香入味，虾肉鲜嫩爽滑，别具一格,茶香虾,https://pigkiller-011955-1319328397.cos.ap-beijing.myqcloud.com/228.jpg,教工食堂,第三窗口  
米酒南瓜,米酒南瓜香甜软糯，与米酒的清香相得益彰,米酒南瓜,https://pigkiller-011955-1319328397.cos.ap-beijing.myqcloud.com/228.jpg,沙东一层食堂,套餐窗口  
自贡小煎鸡,自贡小煎鸡麻辣鲜香，鸡肉鲜嫩可口，令人欲罢不能,自贡小煎鸡,https://pigkiller-011955-1319328397.cos.ap-beijing.myqcloud.com/228.jpg,沙东二层食堂,套餐窗口  
蜜汁南瓜,蜜汁南瓜口感软糯，甜而不腻，是甜品的佳选,蜜汁南瓜,https://pigkiller-011955-1319328397.cos.ap-beijing.myqcloud.com/224.jpg,鼓瑟轩,套餐窗口  
辣炒鸡丁,辣炒鸡丁香辣爽口，鸡丁鲜嫩多汁，是下饭的好菜,辣炒鸡丁,https://pigkiller-011955-1319328397.cos.ap-beijing.myqcloud.com/224.jpg,新北地下一层食堂,套餐窗口  
北航蛋糕,北航蛋糕松软香甜，口感细腻，是甜点的首选,北航蛋糕,https://pigkiller-011955-1319328397.cos.ap-beijing.myqcloud.com/222.jpg,新北地下一层食堂,套餐窗口  
黄瓜鸡蛋,黄瓜鸡蛋清爽可口，营养丰富，是家常菜中的佳品,黄瓜鸡蛋,https://pigkiller-011955-1319328397.cos.ap-beijing.myqcloud.com/220.jpg,学二食堂,南侧窗口  
牛肉板面,牛肉板面面条劲道，汤头鲜美，是北方特色面食之一,牛肉板面,https://pigkiller-011955-1319328397.cos.ap-beijing.myqcloud.com/190.jpg,学三食堂,第二窗口
香辣肥牛面绝绝子,孩子们这真的太好吃了,香辣肥牛面,https://pigkiller-011955-1319328397.cos.ap-beijing.myqcloud.com/17221.jpg,学一食堂,北侧窗口
很难评但不难吃,卤肉吃起来甜甜的，给的肉的份量也对得起这个价,秘制叉烧饭,https://pigkiller-011955-1319328397.cos.ap-beijing.myqcloud.com/17222.jpg,学六食堂,广式烧腊窗口
排队好久,米饭上铺了一层土豆泥，鸡蛋是很嫩的，鸡肉里面有番茄和洋葱，口感比较丰富，椒麻味道突出，整体风味还是有的,秘制叉烧饭,https://pigkiller-011955-1319328397.cos.ap-beijing.myqcloud.com/17224.jpg,学四食堂,南侧窗口
霸王鸡排饭不错,孩子们这真的太好吃了,霸王鸡排饭,https://pigkiller-011955-1319328397.cos.ap-beijing.myqcloud.com/17225.jpg,学一食堂,北侧窗口
麻辣香锅！！！,无敌了,麻辣香锅,https://pigkiller-011955-1319328397.cos.ap-beijing.myqcloud.com/172223.jpg,学六食堂,麻辣香锅窗口
有点好吃,无敌了,滑蛋牛肉饭,https://pigkiller-011955-1319328397.cos.ap-beijing.myqcloud.com/17227.jpg,西区第二食堂,卤肉饭窗口
特别鲜美,滑蛋牛肉饭的牛肉特别鲜美，蛋也滑嫩,滑蛋牛肉饭,https://pigkiller-011955-1319328397.cos.ap-beijing.myqcloud.com/17228.jpg,学四食堂,北侧窗口
怀旧美味,西区第二食堂的滑蛋牛肉饭充满怀旧的味道,滑蛋牛肉饭,https://pigkiller-011955-1319328397.cos.ap-beijing.myqcloud.com/17227.jpg,西区第二食堂,卤肉饭窗口
蔬菜不新鲜,鸡蛋炒黄瓜的黄瓜不够新鲜，影响口感,鸡蛋炒黄瓜,https://pigkiller-011955-1319328397.cos.ap-beijing.myqcloud.com/17229.jpg,学五食堂,小碟菜窗口
环境不错,虽然滑蛋牛肉饭不错，但食堂环境有待改进,滑蛋牛肉饭,https://pigkiller-011955-1319328397.cos.ap-beijing.myqcloud.com/17228.jpg,学四食堂,北侧窗口
非常火爆,学一食堂的小火锅非常火爆，味道也很好,小火锅,https://pigkiller-011955-1319328397.cos.ap-beijing.myqcloud.com/172213.jpg,学一食堂,小火锅
怀念这个味道啊,好不容易去沙河吃了一次,滑蛋牛肉饭,https://pigkiller-011955-1319328397.cos.ap-beijing.myqcloud.com/17227.jpg,西区第二食堂,卤肉饭窗口
有点顶顶顶好吃,无敌了,滑蛋牛肉饭,https://pigkiller-011955-1319328397.cos.ap-beijing.myqcloud.com/17228.jpg,学四食堂,北侧窗口
好吃但是有点糟心,今天吃饭的时候看到bzh大佬了,滑蛋牛肉饭,https://pigkiller-011955-1319328397.cos.ap-beijing.myqcloud.com/17228.jpg,学四食堂,北侧窗口
有刺客,这怕不是玉皇大鸡下的蛋,鸡蛋炒黄瓜,https://pigkiller-011955-1319328397.cos.ap-beijing.myqcloud.com/17229.jpg,学五食堂,小碟菜窗口
健康饮食第一天,可以自己选择饭量，好欸！,自选,https://pigkiller-011955-1319328397.cos.ap-beijing.myqcloud.com/172210.jpg,东区第一食堂,自选窗口
有点不好吃,不好吃,肥牛鱼籽饭,https://pigkiller-011955-1319328397.cos.ap-beijing.myqcloud.com/172211.jpg,学六食堂,鱼籽饭窗口
好便宜欸,物美价类！,大盘鸡面,https://pigkiller-011955-1319328397.cos.ap-beijing.myqcloud.com/172212.jpg,清真食堂,面条窗口
这火锅也是吃上了家人们,有鲜切的猪肉牛肉和麻酱，口感不错,小火锅,https://pigkiller-011955-1319328397.cos.ap-beijing.myqcloud.com/172213.jpg,学一食堂,小火锅
稍微有点辣,香辣肥牛面有点辣，不过味道还是很不错的,香辣肥牛面,https://pigkiller-011955-1319328397.cos.ap-beijing.myqcloud.com/17221.jpg,学一食堂,北侧窗口
口感偏硬,肥牛鱼籽饭的鱼籽口感偏硬，不太推荐,肥牛鱼籽饭,https://pigkiller-011955-1319328397.cos.ap-beijing.myqcloud.com/172211.jpg,学六食堂,鱼籽饭窗口
意外的惊喜,霸王鸡排饭真的是意外的美味，份量也足,霸王鸡排饭,https://pigkiller-011955-1319328397.cos.ap-beijing.myqcloud.com/17225.jpg,学一食堂,北侧窗口
服务态度好,虽然排队久，但秘制叉烧饭的服务态度很好,秘制叉烧饭,https://pigkiller-011955-1319328397.cos.ap-beijing.myqcloud.com/17224.jpg,学四食堂,南侧窗口
灵活选择,东区第一食堂的自选窗口可以根据个人需求选择菜品，适合各种口味,自选,https://pigkiller-011955-1319328397.cos.ap-beijing.myqcloud.com/172210.jpg,东区第一食堂,自选窗口
稍微有点硬,滑蛋牛肉饭的牛肉稍微有点硬，但总体还不错,滑蛋牛肉饭,https://pigkiller-011955-1319328397.cos.ap-beijing.myqcloud.com/17227.jpg,西区第二食堂,卤肉饭窗口
特地去吃,专程去沙河尝了滑蛋牛肉饭，确实很好吃,滑蛋牛肉饭,https://pigkiller-011955-1319328397.cos.ap-beijing.myqcloud.com/17227.jpg,西区第二食堂,卤肉饭窗口
清淡口感,滑蛋牛肉饭清淡可口，适合不喜欢重口味的人,滑蛋牛肉饭,https://pigkiller-011955-1319328397.cos.ap-beijing.myqcloud.com/17228.jpg,学四食堂,北侧窗口
平淡无奇,麻辣烫的荤素同价，味道平平无奇,麻辣烫,https://pigkiller-011955-1319328397.cos.ap-beijing.myqcloud.com/172214.jpg,学三食堂,麻辣烫窗口
胜过全聚德,学四食堂的北京烤鸭，味道胜过全聚德,北京烤鸭,https://pigkiller-011955-1319328397.cos.ap-beijing.myqcloud.com/172215.jpg,学四食堂,北京烤鸭窗口
米饭松软,饭比较好吃，但是价格有点贵,咖喱鸡肉饭,https://pigkiller-011955-1319328397.cos.ap-beijing.myqcloud.com/172224.jpg,学三食堂,蒸饭窗口
超级好吃,学五食堂的狮子头超级好吃，希望它能一直在菜单上,狮子头,https://pigkiller-011955-1319328397.cos.ap-beijing.myqcloud.com/172217.jpg,学五食堂,交流窗口
特别特别好吃,吃饭的时候碰到了个帅哥,滑蛋牛肉饭,https://pigkiller-011955-1319328397.cos.ap-beijing.myqcloud.com/17228.jpg,学四食堂,北侧窗口
性价比低到爆炸,学三食堂的麻辣烫太贵，而且味道一般，肉的种类也很少,麻辣烫,https://pigkiller-011955-1319328397.cos.ap-beijing.myqcloud.com/172218.jpg,学三食堂,麻辣烫窗口
经济实惠,大盘鸡面的价格实惠，量也很大,大盘鸡面,https://pigkiller-011955-1319328397.cos.ap-beijing.myqcloud.com/172212.jpg,清真食堂,面条窗口
麻辣够劲,学六食堂的麻辣香锅麻辣够劲，食材新鲜,麻辣香锅,https://pigkiller-011955-1319328397.cos.ap-beijing.myqcloud.com/17226.jpg,学六食堂,麻辣香锅窗口
分量很足,秘制叉烧饭分量很足，味道也不错,秘制叉烧饭,https://pigkiller-011955-1319328397.cos.ap-beijing.myqcloud.com/17222.jpg,学六食堂,广式烧腊窗口
健康选择不二之选！,自选窗口的菜品健康多样，适合各种需求,自选,https://pigkiller-011955-1319328397.cos.ap-beijing.myqcloud.com/172210.jpg,东区第一食堂,自选窗口
牛肉稍硬，有点不好吃,滑蛋牛肉饭的牛肉稍微有点硬，但总体还不错,滑蛋牛肉饭,https://pigkiller-011955-1319328397.cos.ap-beijing.myqcloud.com/17227.jpg,西区第二食堂,卤肉饭窗口
特地去吃,专程去沙河尝了滑蛋牛肉饭，确实很好吃,滑蛋牛肉饭,https://pigkiller-011955-1319328397.cos.ap-beijing.myqcloud.com/17227.jpg,西区第二食堂,卤肉饭窗口
清淡可口,滑蛋牛肉饭清淡可口，适合不喜欢重口味的人,滑蛋牛肉饭,https://pigkiller-011955-1319328397.cos.ap-beijing.myqcloud.com/17228.jpg,学四食堂,北侧窗口
奔着天水麻辣烫口味来的,荤素一个价，味道无功无过,麻辣烫,https://pigkiller-011955-1319328397.cos.ap-beijing.myqcloud.com/172214.jpg,学三食堂,麻辣烫窗口
北京烤鸭,比全聚德好吃,麻辣烫,https://pigkiller-011955-1319328397.cos.ap-beijing.myqcloud.com/172215.jpg,学四食堂,北京烤鸭窗口
这个包子好好吃,全北航最好吃的包子,小肉包,https://pigkiller-011955-1319328397.cos.ap-beijing.myqcloud.com/172216.jpg,学四食堂,粥饼窗口
能多留一会吗,超级好吃的狮子头，能一直留下来吗,狮子头,https://pigkiller-011955-1319328397.cos.ap-beijing.myqcloud.com/172217.jpg,学五食堂,交流窗口
wwwwwwww,齁儿贵还不怎么好吃，麻将很稀，而且肉的种类很少,麻辣烫,https://pigkiller-011955-1319328397.cos.ap-beijing.myqcloud.com/172218.jpg,学三食堂,麻辣烫窗口
等待时间长,米饭上有土豆泥，鸡肉和蔬菜搭配的味道很丰富,秘制叉烧饭,https://pigkiller-011955-1319328397.cos.ap-beijing.myqcloud.com/17224.jpg,学四食堂,南侧窗口
鸡排味美,孩子们都喜欢吃，份量也足,霸王鸡排饭,https://pigkiller-011955-1319328397.cos.ap-beijing.myqcloud.com/17225.jpg,学一食堂,北侧窗口
麻辣美味,无敌的美味，强烈推荐,麻辣香锅,https://pigkiller-011955-1319328397.cos.ap-beijing.myqcloud.com/17226.jpg,学六食堂,麻辣香锅窗口
一般般,味道还不错，但没有特别之处,滑蛋牛肉饭,https://pigkiller-011955-1319328397.cos.ap-beijing.myqcloud.com/17227.jpg,西区第二食堂,卤肉饭窗口
牛肉嫩滑,牛肉鲜美，蛋也很滑嫩，值得一试,滑蛋牛肉饭,https://pigkiller-011955-1319328397.cos.ap-beijing.myqcloud.com/17228.jpg,学四食堂,北侧窗口
怀旧美味,西区第二食堂的滑蛋牛肉饭让我想起童年味道,滑蛋牛肉饭,https://pigkiller-011955-1319328397.cos.ap-beijing.myqcloud.com/17227.jpg,西区第二食堂,卤肉饭窗口
蔬菜不新鲜,黄瓜不够新鲜，影响了整体口感,鸡蛋炒黄瓜,https://pigkiller-011955-1319328397.cos.ap-beijing.myqcloud.com/17229.jpg,学五食堂,小碟菜窗口
环境需改进,饭菜不错，但食堂的环境有待提升,滑蛋牛肉饭,https://pigkiller-011955-1319328397.cos.ap-beijing.myqcloud.com/17228.jpg,学四食堂,北侧窗口
小火锅好评,学一食堂的小火锅非常受欢迎，味道不错,小火锅,https://pigkiller-011955-1319328397.cos.ap-beijing.myqcloud.com/172213.jpg,学一食堂,小火锅
怀念老味道,好不容易去沙河吃了一次滑蛋牛肉饭，很怀念,滑蛋牛肉饭,https://pigkiller-011955-1319328397.cos.ap-beijing.myqcloud.com/17227.jpg,西区第二食堂,卤肉饭窗口
不错,这个鱼粉食材新鲜，值得推荐,招牌鱼粉,https://pigkiller-011955-1319328397.cos.ap-beijing.myqcloud.com/172219.jpg,学六食堂,鱼粉窗口
麻酱拌面>麻辣拌面,麻酱更香一点，但是麻酱没有鸡丝,麻酱拌面,https://pigkiller-011955-1319328397.cos.ap-beijing.myqcloud.com/172220.jpg,学五食堂,粥面窗口
辣辣辣辣辣,小炒肉盖饭！还可以吧，肉有点肥,小炒肉盖饭,https://pigkiller-011955-1319328397.cos.ap-beijing.myqcloud.com/172221.jpg,学四食堂,北侧窗口
辣辣辣辣辣,馋嘴鱼有点辣,馋嘴鱼,https://pigkiller-011955-1319328397.cos.ap-beijing.myqcloud.com/172222.jpg,学三食堂,馋嘴鱼窗口
辣味十足,香辣肥牛面的辣味刚刚好，配料丰富，口感很棒,香辣肥牛面,https://pigkiller-011955-1319328397.cos.ap-beijing.myqcloud.com/17221.jpg,学一食堂,北侧窗口
甜味叉烧,叉烧的甜味恰到好处，肉量也不错，值得一试,秘制叉烧饭,https://pigkiller-011955-1319328397.cos.ap-beijing.myqcloud.com/17222.jpg,学六食堂,广式烧腊窗口
等待美味,虽然排队时间长，但鸡肉和土豆泥的搭配很美味，值得等待,秘制叉烧饭,https://pigkiller-011955-1319328397.cos.ap-beijing.myqcloud.com/17224.jpg,学四食堂,南侧窗口
酥脆鸡排,霸王鸡排饭的鸡排酥脆可口，孩子们都喜欢,霸王鸡排饭,https://pigkiller-011955-1319328397.cos.ap-beijing.myqcloud.com/17225.jpg,学一食堂,北侧窗口
辣香锅底,麻辣香锅的辣味恰到好处，食材也很新鲜,麻辣香锅,https://pigkiller-011955-1319328397.cos.ap-beijing.myqcloud.com/17226.jpg,学六食堂,麻辣香锅窗口
鲜嫩牛肉,滑蛋牛肉饭的牛肉鲜嫩多汁，蛋也特别滑嫩,滑蛋牛肉饭,https://pigkiller-011955-1319328397.cos.ap-beijing.myqcloud.com/17227.jpg,西区第二食堂,卤肉饭窗口
怀旧经典,西区第二食堂的滑蛋牛肉饭让我回忆起小时候的味道,滑蛋牛肉饭,https://pigkiller-011955-1319328397.cos.ap-beijing.myqcloud.com/17227.jpg,西区第二食堂,卤肉饭窗口
清爽黄瓜,鸡蛋炒黄瓜的黄瓜稍微不够新鲜，但总体还行,鸡蛋炒黄瓜,https://pigkiller-011955-1319328397.cos.ap-beijing.myqcloud.com/17229.jpg,学五食堂,小碟菜窗口
火锅热销,学一食堂的小火锅非常受欢迎，味道非常不错,小火锅,https://pigkiller-011955-1319328397.cos.ap-beijing.myqcloud.com/172213.jpg,学一食堂,小火锅
重温经典,久违的滑蛋牛肉饭，味道依旧如初，非常满意,滑蛋牛肉饭,https://pigkiller-011955-1319328397.cos.ap-beijing.myqcloud.com/17227.jpg,西区第二食堂,卤肉饭窗口
清淡滑蛋,滑蛋牛肉饭清淡爽口，适合喜欢清淡口味的人,滑蛋牛肉饭,https://pigkiller-011955-1319328397.cos.ap-beijing.myqcloud.com/17228.jpg,学四食堂,北侧窗口
肥美叉烧,秘制叉烧饭的肉质肥美，分量十足，推荐尝试,秘制叉烧饭,https://pigkiller-011955-1319328397.cos.ap-beijing.myqcloud.com/17222.jpg,学六食堂,广式烧腊窗口
小火锅推荐,学一食堂的小火锅味道非常好，火爆推荐,小火锅,https://pigkiller-011955-1319328397.cos.ap-beijing.myqcloud.com/172213.jpg,学一食堂,小火锅
特别黄瓜,黄瓜炒鸡蛋的黄瓜不够新鲜，影响了整体味道,鸡蛋炒黄瓜,https://pigkiller-011955-1319328397.cos.ap-beijing.myqcloud.com/17229.jpg,学五食堂,小碟菜窗口
惊艳味觉,麻辣香锅的辣味十足，食材新鲜，口感特别棒,麻辣香锅,https://pigkiller-011955-1319328397.cos.ap-beijing.myqcloud.com/172223.jpg,学六食堂,麻辣香锅窗口
意外惊喜,霸王鸡排饭的份量足，口感酥脆，是个意外的惊喜,霸王鸡排饭,https://pigkiller-011955-1319328397.cos.ap-beijing.myqcloud.com/17225.jpg,学一食堂,北侧窗口
淡淡麻辣,香辣肥牛面的辣味适中，整体味道还不错,香辣肥牛面,https://pigkiller-011955-1319328397.cos.ap-beijing.myqcloud.com/17221.jpg,学一食堂,北侧窗口
一般般,肥牛鱼籽饭的鱼籽有点硬，整体不太推荐,肥牛鱼籽饭,https://pigkiller-011955-1319328397.cos.ap-beijing.myqcloud.com/172211.jpg,学六食堂,鱼籽饭窗口
北京烤鸭,学四食堂的北京烤鸭味道出乎意料的好，比全聚德还棒,北京烤鸭,https://pigkiller-011955-1319328397.cos.ap-beijing.myqcloud.com/172215.jpg,学四食堂,北京烤鸭窗口
美味小包,学四食堂的小肉包皮薄馅多，是北航最好吃的包子,小肉包,https://pigkiller-011955-1319328397.cos.ap-beijing.myqcloud.com/172216.jpg,学四食堂,粥饼窗口
狮子头绝佳,学五食堂的狮子头超级美味，希望能一直在菜单上,狮子头,https://pigkiller-011955-1319328397.cos.ap-beijing.myqcloud.com/172217.jpg,学五食堂,交流窗口
鱼籽偏硬,肥牛鱼籽饭的鱼籽口感偏硬，不太推荐尝试,肥牛鱼籽饭,https://pigkiller-011955-1319328397.cos.ap-beijing.myqcloud.com/172211.jpg,学六食堂,鱼籽饭窗口
蔬菜略差,鸡蛋炒黄瓜的黄瓜不太新鲜，整体口感打折扣,鸡蛋炒黄瓜,https://pigkiller-011955-1319328397.cos.ap-beijing.myqcloud.com/17229.jpg,学五食堂,小碟菜窗口
不推荐,学三食堂的麻辣烫荤素同价，但味道非常普通，不推荐,麻辣烫,https://pigkiller-011955-1319328397.cos.ap-beijing.myqcloud.com/172214.jpg,学三食堂,麻辣烫窗口
性价比高,学一食堂的霸王鸡排饭性价比非常高，值得一试,霸王鸡排饭,https://pigkiller-011955-1319328397.cos.ap-beijing.myqcloud.com/17225.jpg,学一食堂,北侧窗口
自选丰富,东区第一食堂的自选窗口菜品丰富，健康美味,自选,https://pigkiller-011955-1319328397.cos.ap-beijing.myqcloud.com/172210.jpg,东区第一食堂,自选窗口
牛肉稍硬,滑蛋牛肉饭的牛肉稍微有点硬，但整体口味不错,滑蛋牛肉饭,https://pigkiller-011955-1319328397.cos.ap-beijing.myqcloud.com/17227.jpg,西区第二食堂,卤肉饭窗口
清真面条,清真食堂的大盘鸡面价格实惠，量也很大，推荐,大盘鸡面,https://pigkiller-011955-1319328397.cos.ap-beijing.myqcloud.com/172212.jpg,清真食堂,面条窗口
麻辣鱼片,馋嘴鱼的辣味适中，鱼片很鲜美,馋嘴鱼,https://pigkiller-011955-1319328397.cos.ap-beijing.myqcloud.com/172222.jpg,学三食堂,馋嘴鱼窗口
性价比一般,学三食堂的麻辣烫价格偏高，味道却非常普通,麻辣烫,https://pigkiller-011955-1319328397.cos.ap-beijing.myqcloud.com/172218.jpg,学三食堂,麻辣烫窗口
清淡健康,自选窗口的菜品清淡健康，非常适合注重饮食的人,自选,https://pigkiller-011955-1319328397.cos.ap-beijing.myqcloud.com/172210.jpg,东区第一食堂,自选窗口
新鲜鱼粉,招牌鱼粉的食材很新鲜，鱼肉口感很好，推荐,招牌鱼粉,https://pigkiller-011955-1319328397.cos.ap-beijing.myqcloud.com/172219.jpg,学六食堂,鱼粉窗口
麻酱拌面,麻酱拌面的味道浓郁，比麻辣拌面更香一点,麻酱拌面,https://pigkiller-011955-1319328397.cos.ap-beijing.myqcloud.com/172220.jpg,学五食堂,粥面窗口
辣味小炒肉,小炒肉盖饭辣味足，肉质偏肥，整体还可以,小炒肉盖饭,https://pigkiller-011955-1319328397.cos.ap-beijing.myqcloud.com/172221.jpg,学四食堂,北侧窗口
满口麻辣,馋嘴鱼的辣味很足，鱼肉鲜嫩，但对辣不太能吃的人来说可能偏辣,馋嘴鱼,https://pigkiller-011955-1319328397.cos.ap-beijing.myqcloud.com/172222.jpg,学三食堂,馋嘴鱼窗口
米饭香软,滑蛋牛肉饭的米饭香软，搭配滑蛋和牛肉口感很好,滑蛋牛肉饭,https://pigkiller-011955-1319328397.cos.ap-beijing.myqcloud.com/17228.jpg,学四食堂,北侧窗口
略微油腻,霸王鸡排饭的鸡排有点油腻，适合偶尔解馋,霸王鸡排饭,https://pigkiller-011955-1319328397.cos.ap-beijing.myqcloud.com/17225.jpg,学一食堂,北侧窗口
温暖怀旧,西区第二食堂的滑蛋牛肉饭充满了童年的味道，让人回忆满满,滑蛋牛肉饭,https://pigkiller-011955-1319328397.cos.ap-beijing.myqcloud.com/17227.jpg,西区第二食堂,卤肉饭窗口
略带辣味,香辣肥牛面的辣味稍微有些突出，适合喜欢吃辣的人,香辣肥牛面,https://pigkiller-011955-1319328397.cos.ap-beijing.myqcloud.com/17221.jpg,学一食堂,北侧窗口
香喷喷的鱼粉,招牌鱼粉的汤底香浓，鱼片新鲜，吃起来非常满足,麻辣鱼粉,https://pigkiller-011955-1319328397.cos.ap-beijing.myqcloud.com/172219.jpg,学六食堂,鱼粉窗口
烤鱼真香,麻辣鲜香，回味无穷,香辣烤鱼,https://pigkiller-011955-1319328397.cos.ap-beijing.myqcloud.com/1722384.jpg,学一食堂,二层西侧,
好吃好吃,清香软糯，营养丰富,珍珠丸子,https://pigkiller-011955-1319328397.cos.ap-beijing.myqcloud.com/1722387.jpg,学一食堂,二层北侧,
安利,肥而不腻，香而不柴,盐菜回祸肉,https://pigkiller-011955-1319328397.cos.ap-beijing.myqcloud.com/1722389.jpg,学一食堂,二层西侧,
好辣,香辣可口，开胃过瘾,小米辣炒鸡胗,https://pigkiller-011955-1319328397.cos.ap-beijing.myqcloud.com/1722392.jpg,学一食堂,川味窗口,
好恰,鲜嫩多汁，微辣回甜,纽奥烤鸡腿,https://pigkiller-011955-1319328397.cos.ap-beijing.myqcloud.com/1722395.jpg,学二食堂,特色菜窗口,
香脆,孜香微辣，外焦里嫩,孜然烤鸭腿,https://pigkiller-011955-1319328397.cos.ap-beijing.myqcloud.com/1722396.jpg,学二食堂,特色菜窗口,
首选,低脂健康，营养均衡,秘制鸡胸肉能量饭,https://pigkiller-011955-1319328397.cos.ap-beijing.myqcloud.com/1722398.jpg,学三食堂,披萨窗口,
经常吃,麻辣鲜香，口味独特,藤椒鸡煲,https://pigkiller-011955-1319328397.cos.ap-beijing.myqcloud.com/1722400.jpg,学三食堂,藤椒鸡煲窗口,
好吃好吃,香气四溢，油而不腻,过油肉拌面,https://pigkiller-011955-1319328397.cos.ap-beijing.myqcloud.com/1722402.jpg,学三食堂,不止一面窗口,
香辣爽口,营养丰富，色味俱佳,韩式经典肥牛拌饭,https://pigkiller-011955-1319328397.cos.ap-beijing.myqcloud.com/1722404.jpg,学三食堂 ,石锅饭窗口,
清淡好吃,汤味浓郁，齿过留香,番茄牛腩煲,https://pigkiller-011955-1319328397.cos.ap-beijing.myqcloud.com/1722406.jpg,学四食堂,鱼米之乡窗口,
脆香可口,微辣孜然，回味酸甜,鸡架骨拌面,https://pigkiller-011955-1319328397.cos.ap-beijing.myqcloud.com/1722408.jpg,学四食堂 ,重庆小面窗口,
鲜鲜鲜,咸鲜可口，蒜香入味,蒜蓉虾,https://pigkiller-011955-1319328397.cos.ap-beijing.myqcloud.com/1722411.jpg,学四食堂,营养套餐窗口,
常吃,麻辣鲜香，香辣入味,冒烤鸭,https://pigkiller-011955-1319328397.cos.ap-beijing.myqcloud.com/1722416.jpg,学四食堂,老北京烤鸭窗口,
性价比高,清淡鲜香，味美可口,金汤豆花鱼,https://pigkiller-011955-1319328397.cos.ap-beijing.myqcloud.com/1722417.jpg,学四食堂,鸡腿饭窗口,
适合中午吃,咸鲜可口，唇齿留香,美味双拼饭,https://pigkiller-011955-1319328397.cos.ap-beijing.myqcloud.com/1722420.jpg,学四食堂,食过飘香窗口,
好香,酱香浓郁，肥而不腻,把子肉套餐,https://pigkiller-011955-1319328397.cos.ap-beijing.myqcloud.com/1722422.jpg,学五食堂,卤肉饭窗口,
清淡好吃,口味鲜美，滋补养颜,焖猪蹄套餐,https://pigkiller-011955-1319328397.cos.ap-beijing.myqcloud.com/1722425.jpg,学五食堂,卤肉饭窗口,
清淡好吃,香味浓郁，酥烂可口,咖喱牛肉套餐,https://pigkiller-011955-1319328397.cos.ap-beijing.myqcloud.com/1722428.jpg,学五食堂,卤肉饭窗口,
有嚼劲,皮薄馅厚，馅鲜多汁,牛肉大葱馅饼,https://pigkiller-011955-1319328397.cos.ap-beijing.myqcloud.com/1722430.jpg,学六食堂,粥饼窗口,
好脆,外脆内嫩，奶香十足,炸椰奶,https://pigkiller-011955-1319328397.cos.ap-beijing.myqcloud.com/1722432.jpg,学六食堂,汉堡窗口,
真香,低脂不腻，色香俱全,瓦香鸭,https://pigkiller-011955-1319328397.cos.ap-beijing.myqcloud.com/1722434.jpg,学六食堂,闽南浇汁饭窗口,
好吃谁懂,色泽红亮，酸甜鲜辣，口味鲜美,宫爆脆溜虾,https://pigkiller-011955-1319328397.cos.ap-beijing.myqcloud.com/1722435.jpg,学一食堂,合一楼四层南侧,
微辣,口感酥脆，鲜香美味,孜然三宝,https://pigkiller-011955-1319328397.cos.ap-beijing.myqcloud.com/1722439.jpg,学一食堂,合一楼四层南侧,
快去尝,外酥内嫩，造型独特，口感极佳,避风塘狼牙土豆,https://pigkiller-011955-1319328397.cos.ap-beijing.myqcloud.com/1722442.jpg,学一食堂,合一楼四层南侧,
好香,口感鲜香，肉质细嫩,锡纸羊肉,https://pigkiller-011955-1319328397.cos.ap-beijing.myqcloud.com/1722443.jpg,学一食堂,合一楼四层南侧,
有味,肉质鲜嫩，口感醇厚,风味鸭腿,https://pigkiller-011955-1319328397.cos.ap-beijing.myqcloud.com/1722445.jpg,学一食堂,合一楼四层北侧,
下饭,羊肉、牛肉、鸡肉、鱼丸、虾丸、蟹棒及各种蔬菜随心搭配，经过猪骨棒熬汤烹调，美味可口，营养丰富，还可按个人口味加入不同小料，清淡、微辣、麻辣多种口味自由调制，怎么吃都不腻,烩菜,https://pigkiller-011955-1319328397.cos.ap-beijing.myqcloud.com/1722447.jpg,合一厅,合一楼四层南侧,
脆脆脆,麻辣入味，口感鲜美，越嚼越香,小鱼恋河虾,https://pigkiller-011955-1319328397.cos.ap-beijing.myqcloud.com/1722449.jpg,学二食堂,教工食堂7号窗口,
经常吃,麻辣入味，口感鲜美，越嚼越香,口水鸡胗,https://pigkiller-011955-1319328397.cos.ap-beijing.myqcloud.com/1722449.jpg,学二食堂,教工食堂今雨轩,
分量有点少,微辣爽口，鲜香甘醇，好吃不胖,回锅牛肉盖饭,https://pigkiller-011955-1319328397.cos.ap-beijing.myqcloud.com/1722455.jpg,学二食堂,教工食堂今雨轩,
一楼最美味,真香，滑而不腻,肉夹馍,https://pigkiller-011955-1319328397.cos.ap-beijing.myqcloud.com/1722457.jpg,东区第一食堂,一层左侧,
早餐常吃,清香开胃,皮蛋瘦肉粥,https://pigkiller-011955-1319328397.cos.ap-beijing.myqcloud.com/1722458.jpg,东区第一食堂,三层,
有营养,外皮酥脆，肥而不腻的肉夹馍，口感软糯，绵香丝滑的皮蛋瘦肉粥，温润可口、香甜软糯的燕麦粥，美好的一天从早餐开始！,牛奶燕麦粥,https://pigkiller-011955-1319328397.cos.ap-beijing.myqcloud.com/1722461.jpg,东区第一食堂, 早餐窗口,
真手抓吗111,口感饱满，米香四溢,手抓饭,https://pigkiller-011955-1319328397.cos.ap-beijing.myqcloud.com/1722462.jpg,东区第一食堂,炒饭窗口,
色香味俱全,让人垂涎欲滴的麻辣浇汁饭，鸡排腿、五花肉、琵琶腿...浇上浓郁的汤汁，配上香喷喷的米饭，一口下去超满足,烧汁饭系列,https://pigkiller-011955-1319328397.cos.ap-beijing.myqcloud.com/1722465.jpg,鼓瑟轩,湖南窗口,
常吃,鸡蛋和各种配菜在铁板上翻滚炒制，米饭粒粒分明，烟火气十足,铁板系列,https://pigkiller-011955-1319328397.cos.ap-beijing.myqcloud.com/1722467.jpg,鼓瑟轩,东北窗口,
晚饭吃,肉质鲜嫩紧实，色泽红亮，麻香味美,秘制扇子骨套餐,https://pigkiller-011955-1319328397.cos.ap-beijing.myqcloud.com/1722471.jpg,西区第一食堂,一层9号窗口,
好吃好吃,清淡鲜香，营养低脂,养生虾球套餐,https://pigkiller-011955-1319328397.cos.ap-beijing.myqcloud.com/1722473.jpg,西区第一食堂,一层9号窗口,
也好吃,口感鲜嫩爽滑，豉香浓郁,豉香巴沙鱼套餐,https://pigkiller-011955-1319328397.cos.ap-beijing.myqcloud.com/1722474.jpg,西区第一食堂,一层9号窗口,
清淡有嚼劲,一层9号窗口,一层9号窗口,https://pigkiller-011955-1319328397.cos.ap-beijing.myqcloud.com/1722476.jpg,西区第二食堂,一层9号窗口,
韩式系列,肉香四溢，入口即化, 热卤系列,https://pigkiller-011955-1319328397.cos.ap-beijing.myqcloud.com/1722478.jpg,西区第一食堂,韩式风味窗口,
有营养,"口感鲜滑，味美脆爽
",茶树菇牛肉,https://pigkiller-011955-1319328397.cos.ap-beijing.myqcloud.com/1722480.jpg,西区第二食堂,成都盖饭窗口,
学院路也有,色泽红亮，辣而不燥，麻而不腻,招牌馋嘴鱼,https://pigkiller-011955-1319328397.cos.ap-beijing.myqcloud.com/1722482.jpg,西区第三食堂,馋嘴鱼窗口,
北方特色,烙好的薄饼卷入香而微辣的牛肉，配上嫩嫩的生菜，低脂高营养,香辣牛肉千张,https://pigkiller-011955-1319328397.cos.ap-beijing.myqcloud.com/1722485.jpg,西区第三食堂,零点厨房窗口,
下次再来,米饭软糯，腊肠Q弹，味道浓郁，口感丰富,铁板腊肠饭,https://pigkiller-011955-1319328397.cos.ap-beijing.myqcloud.com/1722486.jpg,西区第三食堂,铁板窗口,
四川特色,醇香的苕皮搭配嫩滑的鸡柳，营养美味,四川烤苕皮加鸡柳,https://pigkiller-011955-1319328397.cos.ap-beijing.myqcloud.com/1722488.jpg,西区第三食堂,水煮肉片窗口,
香,筋道的面条具有独特的韧性和嚼劲，让人回味无穷,板面,https://pigkiller-011955-1319328397.cos.ap-beijing.myqcloud.com/1722491.jpg,西区第三食堂,馋嘴鱼窗口,
好香,醇厚的香芋、鲜美的海苔、咸香的肉松与年糕的甜美相互融合、口感Q弹,沙拉年糕串,https://pigkiller-011955-1319328397.cos.ap-beijing.myqcloud.com/1722493.jpg,西区第三食堂,水煮肉片窗口,
吃得很饱,米饭软糯可口，肉质鲜美嫩滑，口感丰富，层次分明,全家福香肉拌饭,https://pigkiller-011955-1319328397.cos.ap-beijing.myqcloud.com/1722496.jpg,西区第三食堂,闫阿妈香肉拌饭窗口,
香味浓郁,肉味香醇厚，面条滑爽劲道，搭配微酸开胃的浇头，好吃到舔盘,过油肉拌面,https://pigkiller-011955-1319328397.cos.ap-beijing.myqcloud.com/1722498.jpg,西区清真食堂,3号窗口,
羊排饭好吃,羊排汁水饱满，鲜香微辣，吸满汤汁的米饭粒粒入味，超级香,秘制羊排饭套餐,https://pigkiller-011955-1319328397.cos.ap-beijing.myqcloud.com/1722500.jpg,西区清真食堂,10号窗口,
有特色,虾仁鲜美嫩滑，低卡高蛋白，营养丰富又满足味蕾, 虾仁拌饭,https://pigkiller-011955-1319328397.cos.ap-beijing.myqcloud.com/1722502.jpg,西区清真食堂,5号窗口,
常吃,香辣可口,羊肉炒面,https://pigkiller-011955-1319328397.cos.ap-beijing.myqcloud.com/1722v2-d2b916eed7bbdfef995861e76b3a1826_b.jpg,学一食堂,二楼右侧,
经常吃,性价比高，常吃不腻,鸡排饭 ,https://pigkiller-011955-1319328397.cos.ap-beijing.myqcloud.com/1722v2-7fcd9b1871d4ec10e813aeec5d36dc8a_b.jpg,学一食堂,二楼右侧,
好吃,好吃不腻,炸鸡腿饭 ,https://pigkiller-011955-1319328397.cos.ap-beijing.myqcloud.com/1722v2-c684cecb073556f194eaa52ee4ac8427_b.jpg,学一食堂,二楼右侧,
猜猜我经常吃什么,性价比巨高,碗盘饭,https://pigkiller-011955-1319328397.cos.ap-beijing.myqcloud.com/1722v2-8f23b3ce90462b9321b2fa6fb36b5ae3_b.jpg,学一食堂,二楼右侧,
很香,香而不弹，滑而不腻,拌面,https://pigkiller-011955-1319328397.cos.ap-beijing.myqcloud.com/1722v2-d96d731bbe669b7e84b3251056a79413_b.jpg,学一食堂,二楼右侧,
香！,好香，一直都在吃,铁板烧,https://pigkiller-011955-1319328397.cos.ap-beijing.myqcloud.com/1722v2-57eb3256becd051ededd6ced65122aea_b.jpg,学一食堂,二楼右侧,
从沙河吃到学院路,常吃，感觉很棒,香锅 ,https://pigkiller-011955-1319328397.cos.ap-beijing.myqcloud.com/1722v2-ad895e9955dabb61c6a188f70ec27e78_b.jpg,学一食堂,二楼右侧,
顶！,有时可能很多人排队，尽量去早一点,二楼自助小火锅,https://pigkiller-011955-1319328397.cos.ap-beijing.myqcloud.com/1722v2-2902ecb1c0494444aed424c4f00c0d27_b.jpg,学一食堂,二楼右侧,
好吃,太烫了有点,招聘鱼粉 ,https://pigkiller-011955-1319328397.cos.ap-beijing.myqcloud.com/1722v2-2a1b97c98ac3cd9d3e128b3883c871c9_b.jpg,学一食堂,二楼右侧,
好吃,太烫了有点,招聘鱼粉 ,https://pigkiller-011955-1319328397.cos.ap-beijing.myqcloud.com/1722v2-e2c98f82e6edfd7a3720a44c4fb1d8f6_b.jpg,学一食堂,二楼右侧,
开胃,有点小辣,西红柿牛腩面,https://pigkiller-011955-1319328397.cos.ap-beijing.myqcloud.com/1722v2-214038fe467d88a4d51a231cbb4c0c77_b.jpg,学一食堂,三楼左侧,
京味,北京特色,烤鸭 ,https://pigkiller-011955-1319328397.cos.ap-beijing.myqcloud.com/1722v2-ced340c74db9faa788b3bfb4caea4c1c_b.jpg,学一食堂,三楼左侧,
口味独特,种类齐全、丰富,香锅,https://pigkiller-011955-1319328397.cos.ap-beijing.myqcloud.com/1722v2-075c90aa54978c0880ce6ba59f166255_b.jpg,学一食堂,三楼左侧,
感觉一般般,赶时间需要,营养快餐,https://pigkiller-011955-1319328397.cos.ap-beijing.myqcloud.com/1722v2-8030af0757ca1279bf0b02a9e88d48d3_b.jpg,学一食堂,三楼左侧,
加蛋,还可以，而且不贵,牛肉拉面,https://pigkiller-011955-1319328397.cos.ap-beijing.myqcloud.com/1722v2-3342f8966f1d834e6a8c3c99eefc8ebd_b.jpg,学一食堂,三楼左侧,
经常吃,香辣可口,大盘鸡拌面,https://pigkiller-011955-1319328397.cos.ap-beijing.myqcloud.com/1722v2-7a5d070bbc6175c4e76b72136d87fa29_b.jpg,学一食堂,三楼左侧,
好吃的,好吃的,biangbiang面,https://pigkiller-011955-1319328397.cos.ap-beijing.myqcloud.com/1722v2-fb6c453a08751d3b051bcdfc14bd31a1_b.jpg,学一食堂,三楼左侧,
开胃,口味独特，香辣可口,鱼豆腐焖锅,https://pigkiller-011955-1319328397.cos.ap-beijing.myqcloud.com/1722v2-27fbf269f8438f71a97cd5a0e861e859_b.jpg,学一食堂,三楼左侧,
常吃,口味独特,饺子,https://pigkiller-011955-1319328397.cos.ap-beijing.myqcloud.com/1722v2-82ca3a9e1d748f76b774a8f76ce4c82c_r.jpg,学一食堂,三楼左侧,
晚饭常吃,香辣可口,牛肉拌面 ,https://pigkiller-011955-1319328397.cos.ap-beijing.myqcloud.com/1722v2-f6a5af2f10d1180a83dfcef21c0b7ffe_b.jpg,学一食堂,三楼左侧,
香！,菜品很好，划算,黄焖鸡,https://pigkiller-011955-1319328397.cos.ap-beijing.myqcloud.com/1722v2-f55e5dfcb94abace71d10b27a62498a1_b.jpg,学一食堂,三楼左侧,
有特色,有特色，吃得很饱,咖喱鸡肉饭,https://pigkiller-011955-1319328397.cos.ap-beijing.myqcloud.com/1722v2-caddba9596e088de29c6401f72fc623f_b.jpg,学一食堂,三楼左侧,
不常有,如题,孜然里脊饭,https://pigkiller-011955-1319328397.cos.ap-beijing.myqcloud.com/1722v2-6aa749385f0db82039b43809fc812a90_b.jpg,学一食堂,三楼左侧,
下饭,这个好吃,肉沫蛋包饭,https://pigkiller-011955-1319328397.cos.ap-beijing.myqcloud.com/1722v2-234277e40cbda6d36de1ccba95f3f618_b.jpg,学一食堂,三楼左侧,
好吃好吃,这个也好吃,蛋包饭,https://pigkiller-011955-1319328397.cos.ap-beijing.myqcloud.com/1722v2-da12206dc6e09c8560c30e6ef18e1040_b.jpg,学一食堂,三楼左侧,
吃！,看着就很有胃口,鸡腿泡菜饭 ,https://pigkiller-011955-1319328397.cos.ap-beijing.myqcloud.com/1722v2-de55e632351355d8afa5c8260c5dafe4_b.jpg,学一食堂,三楼左侧,
吃！,性价比很高,混沌,https://pigkiller-011955-1319328397.cos.ap-beijing.myqcloud.com/1722v2-76c24b6a91dd5820c19e62ccdd6b70ae_1440w.webp,学二食堂,一层,
早餐常吃,营养早餐每一天,两鸡蛋一烧麦,https://pigkiller-011955-1319328397.cos.ap-beijing.myqcloud.com/1722v2-1d0cd22a3f42fa1801a518ed6bd6380c_1440w.webp,学二食堂,一层,
11元，不要错过,香辣可口,套餐,https://pigkiller-011955-1319328397.cos.ap-beijing.myqcloud.com/1722v2-804fd54394acf62fd7a8d0bb953ee331_1440w.webp,学二食堂,一层,
早餐,不错，很实惠,五元早餐,https://pigkiller-011955-1319328397.cos.ap-beijing.myqcloud.com/1722v2-54e07ef2a0d46c3b749da31d3ea9b529_1440w.webp,学二食堂,一层,
好吃,清淡可口,排骨面 ,https://pigkiller-011955-1319328397.cos.ap-beijing.myqcloud.com/1722v2-c1a1dbf0cf6c2d8f23bb3be10a38a72e_1440w.webp,学二食堂,一层,
好恰,爱来自兄弟学校,南航美食行,https://pigkiller-011955-1319328397.cos.ap-beijing.myqcloud.com/1722v2-bc4aee329d3df0b05d2200412b69cbab_1440w.webp,学二食堂,一层,
常吃,实惠可口,自选土豆鸡块和蒸蛋,https://pigkiller-011955-1319328397.cos.ap-beijing.myqcloud.com/1722v2-649c2459dc567c2a845bb02c30bcadd5_1440w.webp,学二食堂,一层,
避雷,鸡胸肉一如既往的难吃，下次再试试其他类型,鸡胸肉健身餐,https://pigkiller-011955-1319328397.cos.ap-beijing.myqcloud.com/1722v2-c8bb25fe1cbe92503a9fdeabf354f003_1440w.webp,学二食堂,二层教工餐厅,
香！,肉吃起来很爽，骨头上的肉就有点吃不到了,大碗胯肉,https://pigkiller-011955-1319328397.cos.ap-beijing.myqcloud.com/1722v2-69437931efedbcd4cbdb1d3d071e3314_1440w.webp,学二食堂,二层教工餐厅,
有点健身在里面,烤鱼很不错，玉米也好吃,烤鱼健身餐,https://pigkiller-011955-1319328397.cos.ap-beijing.myqcloud.com/1722v2-1c232e3513651ed57db79484a8325374_1440w.webp,学二食堂,二层教工餐厅,
好好好,看孙子兵法，悟启强人生,猪脚面,https://pigkiller-011955-1319328397.cos.ap-beijing.myqcloud.com/1722v2-099d2787b7f19c06074fd9acdc95118c_1440w.webp,学二食堂,二层教工餐厅,
不推荐,中看不中吃,鱿鱼盖饭,https://pigkiller-011955-1319328397.cos.ap-beijing.myqcloud.com/1722v2-88cd691c430ae752b96b2391bb722003_1440w.webp,学二食堂,二层教工餐厅,
不推荐,中看不中吃，就上面是一层鱼片，下面都是豆芽菜,水煮鱼片,https://pigkiller-011955-1319328397.cos.ap-beijing.myqcloud.com/1722v2-6e44df7ecb458eb1770073d48a0d6e2b_1440w.webp,学二食堂,二层教工餐厅,
no,总计18元，还不如鸡腿吃的爽,单小龙虾,https://pigkiller-011955-1319328397.cos.ap-beijing.myqcloud.com/1722v2-7dedd2ea515b3f65a6d034a29b37777b_1440w.webp,学二食堂,二层教工餐厅,
还行,大鸡腿10元挺好吃,大鸡腿,https://pigkiller-011955-1319328397.cos.ap-beijing.myqcloud.com/1722v2-35c1604c241e88f6d81047e60027889c_1440w.webp,学二食堂,二层教工餐厅,
安利！,我最喜欢的组合，好吃的一批,大鸡腿加茄子,https://pigkiller-011955-1319328397.cos.ap-beijing.myqcloud.com/1722v2-833daa6959c786e40d016cdbfa9825c4_1440w.webp,学二食堂,二层教工餐厅,
健身必备,最喜欢组合加一，最近健身 吃牛肉更多点,西红柿牛腩加素菜,https://pigkiller-011955-1319328397.cos.ap-beijing.myqcloud.com/1722v2-272d65ab9c421e88178f2c496dd31c2d_1440w.webp,学二食堂,二层教工餐厅,
鸡肋,就……很难评,大鸡腿加豆芽,https://pigkiller-011955-1319328397.cos.ap-beijing.myqcloud.com/1722v2-a349f011ea8d19a18e9a382724d241be_1440w.webp,学二食堂,二层教工餐厅,
常吃！,分量足，好吃！,小酥肉拌面,https://pigkiller-011955-1319328397.cos.ap-beijing.myqcloud.com/1722v2-069286209239945d1bdb082f64de6105_1440w.webp,学三食堂,新北负一层,
吃！,面有嚼劲，很好吃,香辣牛肉面 ,https://pigkiller-011955-1319328397.cos.ap-beijing.myqcloud.com/1722v2-d539bd8bd6865ce665af626c7cd47097_1440w.webp,学三食堂,新北负一层,
开吃！,虽然有点贵，但是新北地下永远的神！,烤盘饭,https://pigkiller-011955-1319328397.cos.ap-beijing.myqcloud.com/1722v2-3f43ad095a8e3dd28c0da7ed467dc413_1440w.webp,学三食堂,新北负一层,
